Date/Time,Year,Month,Day,Time,Temp (°C),Temp Flag,Dew Point Temp (°C),Dew Point Temp Flag,Rel Hum (%),Rel Hum Flag,Wind Dir (10s deg),Wind Dir Flag,Wind Spd (km/h),Wind Spd Flag,Visibility (km),Visibility Flag,Stn Press (kPa),Stn Press Flag,Hmdx,Hmdx Flag,Wind Chill,Wind Chill Flag,Weather
2018-08-01 0:00,2018,8,1,0:00,23,,19.1,,79,,,M,,M,,,100.02,,30,,,,NA
2018-08-01 1:00,2018,8,1,1:00,23,,18.4,,75,,,M,,M,,,100,,29,,,,NA
2018-08-01 2:00,2018,8,1,2:00,22.6,,18.4,,77,,,M,,M,,,99.94,,29,,,,NA
2018-08-01 3:00,2018,8,1,3:00,22.5,,18.4,,78,,,M,,M,,,99.91,,29,,,,NA
2018-08-01 4:00,2018,8,1,4:00,22.4,,18.7,,79,,,M,,M,,,99.87,,29,,,,NA
2018-08-01 5:00,2018,8,1,5:00,22.5,,19.1,,81,,,M,,M,,,99.85,,29,,,,NA
2018-08-01 6:00,2018,8,1,6:00,23.3,,19,,77,,,M,,M,,,99.84,,30,,,,NA
2018-08-01 7:00,2018,8,1,7:00,23.3,,18.9,,76,,,M,,M,,,99.85,,30,,,,NA
2018-08-01 8:00,2018,8,1,8:00,23.6,,18.9,,75,,,M,,M,,,99.83,,30,,,,NA
2018-08-01 9:00,2018,8,1,9:00,23.9,,19.2,,75,,,M,,M,,,99.82,,31,,,,NA
2018-08-01 10:00,2018,8,1,10:00,24.4,,19.1,,72,,,M,,M,,,99.85,,31,,,,NA
2018-08-01 11:00,2018,8,1,11:00,25.6,,19.8,,70,,,M,,M,,,99.85,,33,,,,NA
2018-08-01 12:00,2018,8,1,12:00,24.7,,18.8,,70,,,M,,M,,,99.84,,31,,,,NA
2018-08-01 13:00,2018,8,1,13:00,25,,18.9,,69,,,M,,M,,,99.83,,32,,,,NA
2018-08-01 14:00,2018,8,1,14:00,25.1,,18.5,,67,,,M,,M,,,99.79,,31,,,,NA
2018-08-01 15:00,2018,8,1,15:00,25.3,,18,,64,,,M,,M,,,99.77,,31,,,,NA
2018-08-01 16:00,2018,8,1,16:00,25.2,,18.3,,65,,,M,,M,,,99.81,,31,,,,NA
2018-08-01 17:00,2018,8,1,17:00,24.7,,18.7,,69,,,M,,M,,,99.82,,31,,,,NA
2018-08-01 18:00,2018,8,1,18:00,24.9,,17.5,,64,,,M,,M,,,99.85,,31,,,,NA
2018-08-01 19:00,2018,8,1,19:00,24.4,,17.9,,67,,,M,,M,,,99.86,,30,,,,NA
2018-08-01 20:00,2018,8,1,20:00,24,,17.6,,68,,,M,,M,,,99.95,,30,,,,NA
2018-08-01 21:00,2018,8,1,21:00,23.4,,17.6,,70,,,M,,M,,,100.04,,29,,,,NA
2018-08-01 22:00,2018,8,1,22:00,23.1,,17,,69,,,M,,M,,,100.06,,28,,,,NA
2018-08-01 23:00,2018,8,1,23:00,22.7,,16.8,,70,,,M,,M,,,100.1,,28,,,,NA
2018-08-02 0:00,2018,8,2,0:00,22.3,,16.6,,70,,,M,,M,,,100.11,,27,,,,NA
2018-08-02 1:00,2018,8,2,1:00,21.4,,17.3,,78,,,M,,M,,,100.12,,27,,,,NA
2018-08-02 2:00,2018,8,2,2:00,21.4,,17.4,,78,,,M,,M,,,100.14,,27,,,,NA
2018-08-02 3:00,2018,8,2,3:00,21,,17.4,,80,,,M,,M,,,100.15,,27,,,,NA
2018-08-02 4:00,2018,8,2,4:00,20.8,,17.6,,82,,,M,,M,,,100.18,,27,,,,NA
2018-08-02 5:00,2018,8,2,5:00,20.3,,16.8,,80,,,M,,M,,,100.19,,25,,,,NA
2018-08-02 6:00,2018,8,2,6:00,20.6,,17.2,,81,,,M,,M,,,100.28,,26,,,,NA
2018-08-02 7:00,2018,8,2,7:00,21.2,,17.3,,78,,,M,,M,,,100.33,,27,,,,NA
2018-08-02 8:00,2018,8,2,8:00,22.6,,17.1,,71,,,M,,M,,,100.35,,28,,,,NA
2018-08-02 9:00,2018,8,2,9:00,23.7,,16.1,,62,,,M,,M,,,100.36,,28,,,,NA
2018-08-02 10:00,2018,8,2,10:00,24.9,,16.3,,59,,,M,,M,,,100.36,,30,,,,NA
2018-08-02 11:00,2018,8,2,11:00,25.4,,15.2,,53,,,M,,M,,,100.37,,29,,,,NA
2018-08-02 12:00,2018,8,2,12:00,26.7,,16.1,,52,,,M,,M,,,100.37,,31,,,,NA
2018-08-02 13:00,2018,8,2,13:00,26.3,,17,,57,,,M,,M,,,100.36,,32,,,,NA
2018-08-02 14:00,2018,8,2,14:00,27.5,,15.6,,48,,,M,,M,,,100.32,,32,,,,NA
2018-08-02 15:00,2018,8,2,15:00,28,,14.9,,45,,,M,,M,,,100.29,,32,,,,NA
2018-08-02 16:00,2018,8,2,16:00,26.7,,17.8,,58,,,M,,M,,,100.27,,33,,,,NA
2018-08-02 17:00,2018,8,2,17:00,26,,17.2,,58,,,M,,M,,,100.27,,31,,,,NA
2018-08-02 18:00,2018,8,2,18:00,25.8,,17,,58,,,M,,M,,,100.24,,31,,,,NA
2018-08-02 19:00,2018,8,2,19:00,25.3,,16.9,,60,,,M,,M,,,100.28,,31,,,,NA
2018-08-02 20:00,2018,8,2,20:00,24.5,,17.3,,65,,,M,,M,,,100.33,,30,,,,NA
2018-08-02 21:00,2018,8,2,21:00,23.8,,17.9,,70,,,M,,M,,,100.37,,30,,,,NA
2018-08-02 22:00,2018,8,2,22:00,23.6,,17.6,,69,,,M,,M,,,100.39,,29,,,,NA
2018-08-02 23:00,2018,8,2,23:00,23,,17.3,,70,,,M,,M,,,100.42,,28,,,,NA
2018-08-03 0:00,2018,8,3,0:00,22.4,,17.9,,76,,,M,,M,,,100.41,,28,,,,NA
2018-08-03 1:00,2018,8,3,1:00,22.1,,18.1,,78,,,M,,M,,,100.4,,28,,,,NA
2018-08-03 2:00,2018,8,3,2:00,21.7,,18.1,,80,,,M,,M,,,100.39,,28,,,,NA
2018-08-03 3:00,2018,8,3,3:00,20.8,,17.7,,82,,,M,,M,,,100.4,,27,,,,NA
2018-08-03 4:00,2018,8,3,4:00,21,,17.9,,83,,,M,,M,,,100.37,,27,,,,NA
2018-08-03 5:00,2018,8,3,5:00,20.9,,17.7,,82,,,M,,M,,,100.42,,27,,,,NA
2018-08-03 6:00,2018,8,3,6:00,21.5,,18.6,,84,,,M,,M,,,100.48,,28,,,,NA
2018-08-03 7:00,2018,8,3,7:00,22.5,,18.9,,81,,,M,,M,,,100.5,,29,,,,NA
2018-08-03 8:00,2018,8,3,8:00,23.8,,18.2,,71,,,M,,M,,,100.53,,30,,,,NA
2018-08-03 9:00,2018,8,3,9:00,24.8,,15.7,,57,,,M,,M,,,100.53,,29,,,,NA
2018-08-03 10:00,2018,8,3,10:00,25.9,,17.8,,61,,,M,,M,,,100.53,,32,,,,NA
2018-08-03 11:00,2018,8,3,11:00,26.5,,17.2,,57,,,M,,M,,,100.54,,32,,,,NA
2018-08-03 12:00,2018,8,3,12:00,26.5,,17.8,,59,,,M,,M,,,100.54,,32,,,,NA
2018-08-03 13:00,2018,8,3,13:00,28.1,,18.3,,56,,,M,,M,,,100.5,,34,,,,NA
2018-08-03 14:00,2018,8,3,14:00,27.2,,18,,57,,,M,,M,,,100.45,,33,,,,NA
2018-08-03 15:00,2018,8,3,15:00,26.4,,18.3,,61,,,M,,M,,,100.4,,33,,,,NA
2018-08-03 16:00,2018,8,3,16:00,26.1,,18.7,,64,,,M,,M,,,100.38,,33,,,,NA
2018-08-03 17:00,2018,8,3,17:00,25,,17.6,,64,,,M,,M,,,100.38,,31,,,,NA
2018-08-03 18:00,2018,8,3,18:00,24.5,,19,,71,,,M,,M,,,100.39,,31,,,,NA
2018-08-03 19:00,2018,8,3,19:00,24,,19,,74,,,M,,M,,,100.41,,31,,,,NA
2018-08-03 20:00,2018,8,3,20:00,23.6,,19.2,,76,,,M,,M,,,100.42,,31,,,,NA
2018-08-03 21:00,2018,8,3,21:00,23.6,,19.1,,76,,,M,,M,,,100.4,,30,,,,NA
2018-08-03 22:00,2018,8,3,22:00,23.2,,18,,73,,,M,,M,,,100.44,,29,,,,NA
2018-08-03 23:00,2018,8,3,23:00,23,,18.6,,77,,,M,,M,,,100.46,,29,,,,NA
2018-08-04 0:00,2018,8,4,0:00,22.7,,18.9,,79,,,M,,M,,,100.46,,29,,,,NA
2018-08-04 1:00,2018,8,4,1:00,21.9,,19.1,,84,,,M,,M,,,100.39,,29,,,,NA
2018-08-04 2:00,2018,8,4,2:00,21.3,,18.8,,86,,,M,,M,,,100.42,,28,,,,NA
2018-08-04 3:00,2018,8,4,3:00,21.1,,19,,88,,,M,,M,,,100.42,,28,,,,NA
2018-08-04 4:00,2018,8,4,4:00,20.7,,18.7,,89,,,M,,M,,,100.41,,27,,,,NA
2018-08-04 5:00,2018,8,4,5:00,20.6,,18.8,,89,,,M,,M,,,100.44,,27,,,,NA
2018-08-04 6:00,2018,8,4,6:00,21,,19.1,,89,,,M,,M,,,100.48,,28,,,,NA
2018-08-04 7:00,2018,8,4,7:00,22.6,,19.8,,84,,,M,,M,,,100.56,,30,,,,NA
2018-08-04 8:00,2018,8,4,8:00,23.7,,19.8,,79,,,M,,M,,,100.57,,31,,,,NA
2018-08-04 9:00,2018,8,4,9:00,24.6,,18.9,,71,,,M,,M,,,100.58,,31,,,,NA
2018-08-04 10:00,2018,8,4,10:00,26.5,,19.1,,64,,,M,,M,,,100.58,,33,,,,NA
2018-08-04 11:00,2018,8,4,11:00,26.3,,18.7,,63,,,M,,M,,,100.58,,33,,,,NA
2018-08-04 12:00,2018,8,4,12:00,27.1,,18.3,,59,,,M,,M,,,100.55,,33,,,,NA
2018-08-04 13:00,2018,8,4,13:00,28.3,,19.5,,59,,,M,,M,,,100.52,,35,,,,NA
2018-08-04 14:00,2018,8,4,14:00,28.2,,17.8,,53,,,M,,M,,,100.5,,34,,,,NA
2018-08-04 15:00,2018,8,4,15:00,29.1,,16,,45,,,M,,M,,,100.48,,34,,,,NA
2018-08-04 16:00,2018,8,4,16:00,29.5,,15.3,,42,,,M,,M,,,100.47,,34,,,,NA
2018-08-04 17:00,2018,8,4,17:00,29.2,,15.5,,43,,,M,,M,,,100.47,,33,,,,NA
2018-08-04 18:00,2018,8,4,18:00,28.2,,17,,50,,,M,,M,,,100.47,,33,,,,NA
2018-08-04 19:00,2018,8,4,19:00,27,,17.8,,57,,,M,,M,,,100.48,,33,,,,NA
2018-08-04 20:00,2018,8,4,20:00,26.5,,17.4,,58,,,M,,M,,,100.51,,32,,,,NA
2018-08-04 21:00,2018,8,4,21:00,25.4,,18.6,,66,,,M,,M,,,100.55,,32,,,,NA
2018-08-04 22:00,2018,8,4,22:00,24.1,,19.1,,74,,,M,,M,,,100.58,,31,,,,NA
2018-08-04 23:00,2018,8,4,23:00,23.9,,18.8,,73,,,M,,M,,,100.55,,31,,,,NA
2018-08-05 0:00,2018,8,5,0:00,23.9,,16.6,,63,,,M,,M,,,100.56,,29,,,,NA
2018-08-05 1:00,2018,8,5,1:00,22.4,,16.8,,71,,,M,,M,,,100.57,,28,,,,NA
2018-08-05 2:00,2018,8,5,2:00,23,,17.6,,72,,,M,,M,,,100.57,,29,,,,NA
2018-08-05 3:00,2018,8,5,3:00,22.1,,17.6,,76,,,M,,M,,,100.57,,28,,,,NA
2018-08-05 4:00,2018,8,5,4:00,21.8,,18,,79,,,M,,M,,,100.57,,28,,,,NA
2018-08-05 5:00,2018,8,5,5:00,21.2,,16.5,,74,,,M,,M,,,100.61,,26,,,,NA
2018-08-05 6:00,2018,8,5,6:00,21.2,,16.2,,73,,,M,,M,,,100.65,,26,,,,NA
2018-08-05 7:00,2018,8,5,7:00,22.6,,16.2,,67,,,M,,M,,,100.67,,27,,,,NA
2018-08-05 8:00,2018,8,5,8:00,24.4,,16.1,,60,,,M,,M,,,100.69,,29,,,,NA
2018-08-05 9:00,2018,8,5,9:00,25.7,,16.6,,57,,,M,,M,,,100.65,,31,,,,NA
2018-08-05 10:00,2018,8,5,10:00,27.4,,16.9,,53,,,M,,M,,,100.64,,33,,,,NA
2018-08-05 11:00,2018,8,5,11:00,28,,18.2,,55,,,M,,M,,,100.63,,34,,,,NA
2018-08-05 12:00,2018,8,5,12:00,28.9,,18.4,,53,,,M,,M,,,100.6,,35,,,,NA
2018-08-05 13:00,2018,8,5,13:00,30.5,,19.9,,53,,,M,,M,,,100.58,,38,,,,NA
2018-08-05 14:00,2018,8,5,14:00,31.1,,19.9,,51,,,M,,M,,,100.49,,39,,,,NA
2018-08-05 15:00,2018,8,5,15:00,32,,18.1,,44,,,M,,M,,,100.43,,38,,,,NA
2018-08-05 16:00,2018,8,5,16:00,31.5,,17.8,,44,,,M,,M,,,100.41,,37,,,,NA
2018-08-05 17:00,2018,8,5,17:00,31.3,,17.9,,45,,,M,,M,,,100.36,,37,,,,NA
2018-08-05 18:00,2018,8,5,18:00,30,,19,,52,,,M,,M,,,100.33,,37,,,,NA
2018-08-05 19:00,2018,8,5,19:00,29.1,,17.9,,51,,,M,,M,,,100.31,,35,,,,NA
2018-08-05 20:00,2018,8,5,20:00,28.4,,17.8,,53,,,M,,M,,,100.35,,34,,,,NA
2018-08-05 21:00,2018,8,5,21:00,26.7,,19.2,,64,,,M,,M,,,100.43,,34,,,,NA
2018-08-05 22:00,2018,8,5,22:00,26,,19.7,,68,,,M,,M,,,100.42,,33,,,,NA
2018-08-05 23:00,2018,8,5,23:00,25.5,,19.9,,71,,,M,,M,,,100.43,,33,,,,NA
2018-08-06 0:00,2018,8,6,0:00,25.3,,19.8,,71,,,M,,M,,,100.42,,33,,,,NA
2018-08-06 1:00,2018,8,6,1:00,24.9,,19.5,,72,,,M,,M,,,100.37,,32,,,,NA
2018-08-06 2:00,2018,8,6,2:00,24.9,,19.2,,71,,,M,,M,,,100.31,,32,,,,NA
2018-08-06 3:00,2018,8,6,3:00,25,,18.8,,68,,,M,,M,,,100.27,,32,,,,NA
2018-08-06 4:00,2018,8,6,4:00,23.8,,19.1,,75,,,M,,M,,,100.25,,31,,,,NA
2018-08-06 5:00,2018,8,6,5:00,24.2,,19.3,,74,,,M,,M,,,100.29,,31,,,,NA
2018-08-06 6:00,2018,8,6,6:00,24.2,,19.4,,75,,,M,,M,,,100.31,,31,,,,NA
2018-08-06 7:00,2018,8,6,7:00,25.2,,19.9,,72,,,M,,M,,,100.35,,33,,,,NA
2018-08-06 8:00,2018,8,6,8:00,26.7,,19.7,,66,,,M,,M,,,100.33,,34,,,,NA
2018-08-06 9:00,2018,8,6,9:00,27.5,,20.1,,64,,,M,,M,,,100.33,,35,,,,NA
2018-08-06 10:00,2018,8,6,10:00,29.5,,19.3,,54,,,M,,M,,,100.3,,37,,,,NA
2018-08-06 11:00,2018,8,6,11:00,29.9,,19.7,,54,,,M,,M,,,100.29,,37,,,,NA
2018-08-06 12:00,2018,8,6,12:00,31.7,,18.7,,46,,,M,,M,,,100.27,,38,,,,NA
2018-08-06 13:00,2018,8,6,13:00,30.9,,18.9,,49,,,M,,M,,,100.19,,38,,,,NA
2018-08-06 14:00,2018,8,6,14:00,25.6,,20.3,,72,,,M,,M,,,100.28,,33,,,,NA
2018-08-06 15:00,2018,8,6,15:00,21.7,,19.5,,87,,,M,,M,,,100.32,,29,,,,NA
2018-08-06 16:00,2018,8,6,16:00,24.1,,21.6,,86,,,M,,M,,,100.21,,33,,,,NA
2018-08-06 17:00,2018,8,6,17:00,24.7,,20.3,,76,,,M,,M,,,100.2,,33,,,,NA
2018-08-06 18:00,2018,8,6,18:00,23.6,,19.9,,80,,,M,,M,,,100.21,,31,,,,NA
2018-08-06 19:00,2018,8,6,19:00,23.6,,19.8,,80,,,M,,M,,,100.13,,31,,,,NA
2018-08-06 20:00,2018,8,6,20:00,24,,20.4,,80,,,M,,M,,,100.12,,32,,,,NA
2018-08-06 21:00,2018,8,6,21:00,24.1,,19.8,,77,,,M,,M,,,100.12,,32,,,,NA
2018-08-06 22:00,2018,8,6,22:00,23.6,,19.6,,78,,,M,,M,,,100.06,,31,,,,NA
2018-08-06 23:00,2018,8,6,23:00,24.8,,19.2,,71,,,M,,M,,,100.1,,32,,,,NA
2018-08-07 0:00,2018,8,7,0:00,22.3,,19.6,,85,,,M,,M,,,100.06,,30,,,,NA
2018-08-07 1:00,2018,8,7,1:00,21.9,,19.7,,87,,,M,,M,,,100.02,,29,,,,NA
2018-08-07 2:00,2018,8,7,2:00,22,,19.9,,88,,,M,,M,,,99.95,,29,,,,NA
2018-08-07 3:00,2018,8,7,3:00,22.1,,20.1,,88,,,M,,M,,,99.97,,30,,,,NA
2018-08-07 4:00,2018,8,7,4:00,21.9,,19.8,,88,,,M,,M,,,100.02,,29,,,,NA
2018-08-07 5:00,2018,8,7,5:00,21.7,,19.8,,89,,,M,,M,,,100.02,,29,,,,NA
2018-08-07 6:00,2018,8,7,6:00,21.7,,19.4,,87,,,M,,M,,,100.04,,29,,,,NA
2018-08-07 7:00,2018,8,7,7:00,22.3,,19.4,,84,,,M,,M,,,100.06,,29,,,,NA
2018-08-07 8:00,2018,8,7,8:00,23.2,,19.1,,78,,,M,,M,,,100.05,,30,,,,NA
2018-08-07 9:00,2018,8,7,9:00,23.7,,17.8,,70,,,M,,M,,,100.08,,30,,,,NA
2018-08-07 10:00,2018,8,7,10:00,25.2,,19,,68,,,M,,M,,,100.1,,32,,,,NA
2018-08-07 11:00,2018,8,7,11:00,25.9,,18.2,,63,,,M,,M,,,100.11,,32,,,,NA
2018-08-07 12:00,2018,8,7,12:00,26.5,,17.4,,57,,,M,,M,,,100.12,,32,,,,NA
2018-08-07 13:00,2018,8,7,13:00,26.7,,16.8,,55,,,M,,M,,,100.07,,32,,,,NA
2018-08-07 14:00,2018,8,7,14:00,27,,17.6,,56,,,M,,M,,,100.02,,33,,,,NA
2018-08-07 15:00,2018,8,7,15:00,27.8,,17.9,,55,,,M,,M,,,99.96,,34,,,,NA
2018-08-07 16:00,2018,8,7,16:00,27,,17.4,,56,,,M,,M,,,99.91,,33,,,,NA
2018-08-07 17:00,2018,8,7,17:00,27.1,,17.5,,56,,,M,,M,,,99.89,,33,,,,NA
2018-08-07 18:00,2018,8,7,18:00,26,,18.8,,65,,,M,,M,,,99.88,,33,,,,NA
2018-08-07 19:00,2018,8,7,19:00,25.7,,19,,67,,,M,,M,,,99.92,,32,,,,NA
2018-08-07 20:00,2018,8,7,20:00,25.5,,19.1,,68,,,M,,M,,,99.97,,32,,,,NA
2018-08-07 21:00,2018,8,7,21:00,22,,19.8,,88,,,M,,M,,,100.07,,29,,,,NA
2018-08-07 22:00,2018,8,7,22:00,20.2,,18.3,,89,,,M,,M,,,100.01,,26,,,,NA
2018-08-07 23:00,2018,8,7,23:00,21.3,,19.2,,88,,,M,,M,,,99.89,,28,,,,NA
2018-08-08 0:00,2018,8,8,0:00,21.1,,19.3,,89,,,M,,M,,,99.92,,28,,,,NA
2018-08-08 1:00,2018,8,8,1:00,21.7,,20,,90,,,M,,M,,,99.92,,29,,,,NA
2018-08-08 2:00,2018,8,8,2:00,21.8,,20,,89,,,M,,M,,,99.88,,29,,,,NA
2018-08-08 3:00,2018,8,8,3:00,22.3,,20.6,,90,,,M,,M,,,99.84,,30,,,,NA
2018-08-08 4:00,2018,8,8,4:00,22.2,,20.4,,90,,,M,,M,,,99.78,,30,,,,NA
2018-08-08 5:00,2018,8,8,5:00,22.6,,20.9,,90,,,M,,M,,,99.8,,31,,,,NA
2018-08-08 6:00,2018,8,8,6:00,22.8,,21,,90,,,M,,M,,,99.83,,31,,,,NA
2018-08-08 7:00,2018,8,8,7:00,22.6,,20.9,,90,,,M,,M,,,99.82,,31,,,,NA
2018-08-08 8:00,2018,8,8,8:00,22.9,,21.1,,90,,,M,,M,,,99.81,,31,,,,NA
2018-08-08 9:00,2018,8,8,9:00,21.3,,19.6,,90,,,M,,M,,,99.78,,29,,,,NA
2018-08-08 10:00,2018,8,8,10:00,22.1,,20,,88,,,M,,M,,,99.76,,30,,,,NA
2018-08-08 11:00,2018,8,8,11:00,24.3,,20.3,,79,,,M,,M,,,99.7,,32,,,,NA
2018-08-08 12:00,2018,8,8,12:00,24.1,,20.1,,79,,,M,,M,,,99.72,,32,,,,NA
2018-08-08 13:00,2018,8,8,13:00,25.7,,19,,66,,,M,,M,,,99.65,,32,,,,NA
2018-08-08 14:00,2018,8,8,14:00,25.2,,18.9,,68,,,M,,M,,,99.64,,32,,,,NA
2018-08-08 15:00,2018,8,8,15:00,24.5,,20.2,,77,,,M,,M,,,99.57,,32,,,,NA
2018-08-08 16:00,2018,8,8,16:00,24.6,,20.2,,77,,,M,,M,,,99.53,,32,,,,NA
2018-08-08 17:00,2018,8,8,17:00,25.2,,19.3,,70,,,M,,M,,,99.51,,32,,,,NA
2018-08-08 18:00,2018,8,8,18:00,25.2,,19.4,,70,,,M,,M,,,99.51,,32,,,,NA
2018-08-08 19:00,2018,8,8,19:00,24,,20.6,,81,,,M,,M,,,99.55,,32,,,,NA
2018-08-08 20:00,2018,8,8,20:00,23.6,,17.9,,70,,,M,,M,,,99.59,,30,,,,NA
2018-08-08 21:00,2018,8,8,21:00,23.1,,17.4,,71,,,M,,M,,,99.67,,29,,,,NA
2018-08-08 22:00,2018,8,8,22:00,22.7,,16.7,,69,,,M,,M,,,99.68,,28,,,,NA
2018-08-08 23:00,2018,8,8,23:00,22.2,,16.9,,72,,,M,,M,,,99.69,,27,,,,NA
2018-08-09 0:00,2018,8,9,0:00,21.5,,17.3,,77,,,M,,M,,,99.7,,27,,,,NA
2018-08-09 1:00,2018,8,9,1:00,20,,17.4,,85,,,M,,M,,,99.7,,26,,,,NA
2018-08-09 2:00,2018,8,9,2:00,19.4,,15.5,,78,,,M,,M,,,99.72,,,,,,NA
2018-08-09 3:00,2018,8,9,3:00,18.6,,14.3,,76,,,M,,M,,,99.7,,,,,,NA
2018-08-09 4:00,2018,8,9,4:00,17.9,,14.3,,80,,,M,,M,,,99.67,,,,,,NA
2018-08-09 5:00,2018,8,9,5:00,17.8,,14.1,,79,,,M,,M,,,99.71,,,,,,NA
2018-08-09 6:00,2018,8,9,6:00,18.2,,13.8,,76,,,M,,M,,,99.76,,,,,,NA
2018-08-09 7:00,2018,8,9,7:00,19.3,,13.8,,71,,,M,,M,,,99.81,,,,,,NA
2018-08-09 8:00,2018,8,9,8:00,21.6,,13.3,,59,,,M,,M,,,99.82,,25,,,,NA
2018-08-09 9:00,2018,8,9,9:00,22.9,,14.4,,59,,,M,,M,,,99.82,,27,,,,NA
2018-08-09 10:00,2018,8,9,10:00,24.6,,15.2,,56,,,M,,M,,,99.83,,29,,,,NA
2018-08-09 11:00,2018,8,9,11:00,25.9,,17.5,,60,,,M,,M,,,99.82,,32,,,,NA
2018-08-09 12:00,2018,8,9,12:00,26.9,,18.7,,61,,,M,,M,,,99.77,,33,,,,NA
2018-08-09 13:00,2018,8,9,13:00,27.7,,18.7,,58,,,M,,M,,,99.73,,34,,,,NA
2018-08-09 14:00,2018,8,9,14:00,28.6,,17.2,,50,,,M,,M,,,99.69,,34,,,,NA
2018-08-09 15:00,2018,8,9,15:00,29.2,,13.3,,38,,,M,,M,,,99.67,,32,,,,NA
2018-08-09 16:00,2018,8,9,16:00,28.6,,15.7,,46,,,M,,M,,,99.64,,33,,,,NA
2018-08-09 17:00,2018,8,9,17:00,28.1,,15.9,,48,,,M,,M,,,99.63,,33,,,,NA
2018-08-09 18:00,2018,8,9,18:00,28,,15.5,,47,,,M,,M,,,99.65,,32,,,,NA
2018-08-09 19:00,2018,8,9,19:00,26.2,,16.2,,54,,,M,,M,,,99.69,,31,,,,NA
2018-08-09 20:00,2018,8,9,20:00,25.1,,16.9,,60,,,M,,M,,,99.72,,30,,,,NA
2018-08-09 21:00,2018,8,9,21:00,23.3,,18,,72,,,M,,M,,,99.82,,29,,,,NA
2018-08-09 22:00,2018,8,9,22:00,22.1,,19.2,,84,,,M,,M,,,99.84,,29,,,,NA
2018-08-09 23:00,2018,8,9,23:00,22.4,,18.5,,78,,,M,,M,,,99.86,,29,,,,NA
2018-08-10 0:00,2018,8,10,0:00,22.4,,18.4,,78,,,M,,M,,,99.88,,29,,,,NA
2018-08-10 1:00,2018,8,10,1:00,21.5,,17.7,,79,,,M,,M,,,99.9,,27,,,,NA
2018-08-10 2:00,2018,8,10,2:00,20.9,,14.4,,66,,,M,,M,,,99.93,,25,,,,NA
2018-08-10 3:00,2018,8,10,3:00,20.1,,13.8,,67,,,M,,M,,,99.98,,,,,,NA
2018-08-10 4:00,2018,8,10,4:00,19.2,,13.8,,71,,,M,,M,,,100.04,,,,,,NA
2018-08-10 5:00,2018,8,10,5:00,18.7,,13.1,,70,,,M,,M,,,100.06,,,,,,NA
2018-08-10 6:00,2018,8,10,6:00,18.3,,12.9,,71,,,M,,M,,,100.11,,,,,,NA
2018-08-10 7:00,2018,8,10,7:00,19.5,,13,,66,,,M,,M,,,100.18,,,,,,NA
2018-08-10 8:00,2018,8,10,8:00,21.1,,12.4,,57,,,M,,M,,,100.2,,,,,,NA
2018-08-10 9:00,2018,8,10,9:00,22.6,,12,,51,,,M,,M,,,100.2,,25,,,,NA
2018-08-10 10:00,2018,8,10,10:00,23.7,,9.6,,41,,,M,,M,,,100.22,,25,,,,NA
2018-08-10 11:00,2018,8,10,11:00,24.1,,9.7,,40,,,M,,M,,,100.22,,25,,,,NA
2018-08-10 12:00,2018,8,10,12:00,24.1,,9.5,,40,,,M,,M,,,100.23,,25,,,,NA
2018-08-10 13:00,2018,8,10,13:00,24,,10,,41,,,M,,M,,,100.21,,25,,,,NA
2018-08-10 14:00,2018,8,10,14:00,24.4,,9.8,,40,,,M,,M,,,100.17,,26,,,,NA
2018-08-10 15:00,2018,8,10,15:00,24.6,,10.5,,41,,,M,,M,,,100.11,,26,,,,NA
2018-08-10 16:00,2018,8,10,16:00,24.4,,10.7,,42,,,M,,M,,,100.08,,26,,,,NA
2018-08-10 17:00,2018,8,10,17:00,23.6,,10.7,,44,,,M,,M,,,100.04,,25,,,,NA
2018-08-10 18:00,2018,8,10,18:00,23.2,,11.2,,47,,,M,,M,,,100.05,,25,,,,NA
2018-08-10 19:00,2018,8,10,19:00,22.9,,10.9,,46,,,M,,M,,,100.03,,25,,,,NA
2018-08-10 20:00,2018,8,10,20:00,22.2,,11.3,,50,,,M,,M,,,100.07,,,,,,NA
2018-08-10 21:00,2018,8,10,21:00,21.8,,11.3,,51,,,M,,M,,,100.09,,,,,,NA
2018-08-10 22:00,2018,8,10,22:00,20.4,,12.1,,59,,,M,,M,,,100.09,,,,,,NA
2018-08-10 23:00,2018,8,10,23:00,20,,12.7,,63,,,M,,M,,,100.11,,,,,,NA
2018-08-11 0:00,2018,8,11,0:00,19.3,,12.9,,66,,,M,,M,,,100.12,,,,,,NA
2018-08-11 1:00,2018,8,11,1:00,18.6,,13.5,,72,,,M,,M,,,100.11,,,,,,NA
2018-08-11 2:00,2018,8,11,2:00,19,,13.5,,71,,,M,,M,,,100.08,,,,,,NA
2018-08-11 3:00,2018,8,11,3:00,17.9,,13.8,,77,,,M,,M,,,100.06,,,,,,NA
2018-08-11 4:00,2018,8,11,4:00,17.7,,12.9,,74,,,M,,M,,,100.04,,,,,,NA
2018-08-11 5:00,2018,8,11,5:00,17.4,,12.7,,74,,,M,,M,,,100.05,,,,,,NA
2018-08-11 6:00,2018,8,11,6:00,17.4,,13.4,,77,,,M,,M,,,100.09,,,,,,NA
2018-08-11 7:00,2018,8,11,7:00,20.4,,13.1,,63,,,M,,M,,,100.11,,,,,,NA
2018-08-11 8:00,2018,8,11,8:00,22.5,,11.7,,50,,,M,,M,,,100.15,,25,,,,NA
2018-08-11 9:00,2018,8,11,9:00,24.1,,10.9,,43,,,M,,M,,,100.16,,26,,,,NA
2018-08-11 10:00,2018,8,11,10:00,25.4,,10.3,,39,,,M,,M,,,100.23,,27,,,,NA
2018-08-11 11:00,2018,8,11,11:00,25.6,,10.6,,39,,,M,,M,,,100.25,,27,,,,NA
2018-08-11 12:00,2018,8,11,12:00,26.3,,12.1,,41,,,M,,M,,,100.25,,29,,,,NA
2018-08-11 13:00,2018,8,11,13:00,26.3,,10.8,,38,,,M,,M,,,100.22,,28,,,,NA
2018-08-11 14:00,2018,8,11,14:00,26.1,,8.5,,33,,,M,,M,,,100.2,,27,,,,NA
2018-08-11 15:00,2018,8,11,15:00,26.1,,7.1,,30,,,M,,M,,,100.16,,26,,,,NA
2018-08-11 16:00,2018,8,11,16:00,25.9,,9.6,,36,,,M,,M,,,100.13,,27,,,,NA
2018-08-11 17:00,2018,8,11,17:00,25.4,,8.2,,34,,,M,,M,,,100.14,,26,,,,NA
2018-08-11 18:00,2018,8,11,18:00,25,,7.3,,32,,,M,,M,,,100.13,,25,,,,NA
2018-08-11 19:00,2018,8,11,19:00,24.3,,8.7,,37,,,M,,M,,,100.2,,25,,,,NA
2018-08-11 20:00,2018,8,11,20:00,23.6,,10.6,,44,,,M,,M,,,100.24,,25,,,,NA
2018-08-11 21:00,2018,8,11,21:00,22.5,,12.1,,52,,,M,,M,,,100.29,,25,,,,NA
2018-08-11 22:00,2018,8,11,22:00,22.8,,13.4,,55,,,M,,M,,,100.3,,26,,,,NA
2018-08-11 23:00,2018,8,11,23:00,22.5,,13.4,,56,,,M,,M,,,100.3,,26,,,,NA
2018-08-12 0:00,2018,8,12,0:00,22.2,,13.6,,58,,,M,,M,,,100.35,,25,,,,NA
2018-08-12 1:00,2018,8,12,1:00,21.8,,14.1,,61,,,M,,M,,,100.33,,25,,,,NA
2018-08-12 2:00,2018,8,12,2:00,22,,13.7,,59,,,M,,M,,,100.36,,25,,,,NA
2018-08-12 3:00,2018,8,12,3:00,21.5,,13.6,,61,,,M,,M,,,100.37,,25,,,,NA
2018-08-12 4:00,2018,8,12,4:00,21,,13.2,,61,,,M,,M,,,100.39,,,,,,NA
2018-08-12 5:00,2018,8,12,5:00,20.6,,13.8,,65,,,M,,M,,,100.46,,,,,,NA
2018-08-12 6:00,2018,8,12,6:00,21.5,,12.8,,58,,,M,,M,,,100.5,,,,,,NA
2018-08-12 7:00,2018,8,12,7:00,21.7,,12.9,,57,,,M,,M,,,100.56,,,,,,NA
2018-08-12 8:00,2018,8,12,8:00,22.8,,14.7,,60,,,M,,M,,,100.59,,27,,,,NA
2018-08-12 9:00,2018,8,12,9:00,24.4,,14.8,,55,,,M,,M,,,100.61,,28,,,,NA
2018-08-12 10:00,2018,8,12,10:00,26.1,,14.8,,50,,,M,,M,,,100.65,,30,,,,NA
2018-08-12 11:00,2018,8,12,11:00,26.8,,15.4,,50,,,M,,M,,,100.65,,31,,,,NA
2018-08-12 12:00,2018,8,12,12:00,27,,14,,45,,,M,,M,,,100.63,,30,,,,NA
2018-08-12 13:00,2018,8,12,13:00,27,,12.7,,41,,,M,,M,,,100.63,,30,,,,NA
2018-08-12 14:00,2018,8,12,14:00,27,,12,,39,,,M,,M,,,100.58,,29,,,,NA
2018-08-12 15:00,2018,8,12,15:00,27,,12.9,,42,,,M,,M,,,100.55,,30,,,,NA
2018-08-12 16:00,2018,8,12,16:00,26,,12.2,,42,,,M,,M,,,100.53,,28,,,,NA
2018-08-12 17:00,2018,8,12,17:00,25.8,,12.8,,45,,,M,,M,,,100.53,,28,,,,NA
2018-08-12 18:00,2018,8,12,18:00,25.4,,11.9,,43,,,M,,M,,,100.51,,28,,,,NA
2018-08-12 19:00,2018,8,12,19:00,25.4,,11,,40,,,M,,M,,,100.52,,27,,,,NA
2018-08-12 20:00,2018,8,12,20:00,23.9,,12.4,,49,,,M,,M,,,100.55,,26,,,,NA
2018-08-12 21:00,2018,8,12,21:00,23.8,,11.7,,47,,,M,,M,,,100.59,,26,,,,NA
2018-08-12 22:00,2018,8,12,22:00,22.6,,12.6,,53,,,M,,M,,,100.59,,25,,,,NA
2018-08-12 23:00,2018,8,12,23:00,21.9,,13.1,,57,,,M,,M,,,100.6,,25,,,,NA
2018-08-13 0:00,2018,8,13,0:00,23.3,,13.3,,53,,,M,,M,,,100.63,,26,,,,NA
2018-08-13 1:00,2018,8,13,1:00,22.7,,14.1,,58,,,M,,M,,,100.59,,26,,,,NA
2018-08-13 2:00,2018,8,13,2:00,21.5,,14.2,,63,,,M,,M,,,100.54,,25,,,,NA
2018-08-13 3:00,2018,8,13,3:00,21.3,,14.5,,65,,,M,,M,,,100.51,,25,,,,NA
2018-08-13 4:00,2018,8,13,4:00,21.5,,15.8,,70,,,M,,M,,,100.48,,26,,,,NA
2018-08-13 5:00,2018,8,13,5:00,21.8,,16.5,,72,,,M,,M,,,100.49,,27,,,,NA
2018-08-13 6:00,2018,8,13,6:00,21.6,,15.7,,69,,,M,,M,,,100.53,,26,,,,NA
2018-08-13 7:00,2018,8,13,7:00,22.6,,15.3,,63,,,M,,M,,,100.56,,27,,,,NA
2018-08-13 8:00,2018,8,13,8:00,23.9,,14.9,,57,,,M,,M,,,100.54,,28,,,,NA
2018-08-13 9:00,2018,8,13,9:00,25.8,,13.7,,47,,,M,,M,,,100.56,,29,,,,NA
2018-08-13 10:00,2018,8,13,10:00,25.8,,13.3,,46,,,M,,M,,,100.58,,29,,,,NA
2018-08-13 11:00,2018,8,13,11:00,26.1,,13.7,,46,,,M,,M,,,100.51,,29,,,,NA
2018-08-13 12:00,2018,8,13,12:00,26.7,,13.6,,44,,,M,,M,,,100.43,,30,,,,NA
2018-08-13 13:00,2018,8,13,13:00,27.4,,13.7,,43,,,M,,M,,,100.4,,31,,,,NA
2018-08-13 14:00,2018,8,13,14:00,26.5,,14.8,,49,,,M,,M,,,100.33,,30,,,,NA
2018-08-13 15:00,2018,8,13,15:00,25.4,,15.3,,54,,,M,,M,,,100.29,,30,,,,NA
2018-08-13 16:00,2018,8,13,16:00,25.4,,17.1,,60,,,M,,M,,,100.24,,31,,,,NA
2018-08-13 17:00,2018,8,13,17:00,24.9,,17.7,,64,,,M,,M,,,100.2,,31,,,,NA
2018-08-13 18:00,2018,8,13,18:00,24.3,,17.9,,67,,,M,,M,,,100.18,,30,,,,NA
2018-08-13 19:00,2018,8,13,19:00,24.2,,17.4,,66,,,M,,M,,,100.16,,30,,,,NA
2018-08-13 20:00,2018,8,13,20:00,24.1,,17.1,,65,,,M,,M,,,100.14,,29,,,,NA
2018-08-13 21:00,2018,8,13,21:00,23.8,,17.9,,70,,,M,,M,,,100.15,,30,,,,NA
2018-08-13 22:00,2018,8,13,22:00,23.6,,17.8,,70,,,M,,M,,,100.12,,29,,,,NA
2018-08-13 23:00,2018,8,13,23:00,23.9,,16.7,,64,,,M,,M,,,100.1,,29,,,,NA
2018-08-14 0:00,2018,8,14,0:00,24.1,,15.9,,60,,,M,,M,,,100.08,,29,,,,NA
2018-08-14 1:00,2018,8,14,1:00,22.9,,15.8,,64,,,M,,M,,,100.07,,27,,,,NA
2018-08-14 2:00,2018,8,14,2:00,23.1,,15.3,,61,,,M,,M,,,100.02,,27,,,,NA
2018-08-14 3:00,2018,8,14,3:00,22.9,,15.5,,63,,,M,,M,,,99.96,,27,,,,NA
2018-08-14 4:00,2018,8,14,4:00,23.2,,15.1,,61,,,M,,M,,,99.93,,27,,,,NA
2018-08-14 5:00,2018,8,14,5:00,22.6,,15.2,,63,,,M,,M,,,99.95,,27,,,,NA
2018-08-14 6:00,2018,8,14,6:00,22.7,,15.6,,64,,,M,,M,,,99.96,,27,,,,NA
2018-08-14 7:00,2018,8,14,7:00,23,,15.8,,64,,,M,,M,,,99.94,,27,,,,NA
2018-08-14 8:00,2018,8,14,8:00,24.1,,16.4,,62,,,M,,M,,,99.94,,29,,,,NA
2018-08-14 9:00,2018,8,14,9:00,24.9,,15.7,,57,,,M,,M,,,99.95,,29,,,,NA
2018-08-14 10:00,2018,8,14,10:00,25.9,,14.9,,51,,,M,,M,,,99.93,,30,,,,NA
2018-08-14 11:00,2018,8,14,11:00,26.3,,14.7,,49,,,M,,M,,,99.92,,30,,,,NA
2018-08-14 12:00,2018,8,14,12:00,28.5,,13.3,,39,,,M,,M,,,99.89,,31,,,,NA
2018-08-14 13:00,2018,8,14,13:00,30.4,,15.9,,42,,,M,,M,,,99.85,,35,,,,NA
2018-08-14 14:00,2018,8,14,14:00,29.5,,16.3,,45,,,M,,M,,,99.79,,34,,,,NA
2018-08-14 15:00,2018,8,14,15:00,29,,13.9,,40,,,M,,M,,,99.75,,32,,,,NA
2018-08-14 16:00,2018,8,14,16:00,29.4,,14.2,,40,,,M,,M,,,99.71,,33,,,,NA
2018-08-14 17:00,2018,8,14,17:00,28.4,,14.3,,42,,,M,,M,,,99.67,,32,,,,NA
2018-08-14 18:00,2018,8,14,18:00,30,,13.7,,37,,,M,,M,,,99.7,,33,,,,NA
2018-08-14 19:00,2018,8,14,19:00,28.9,,14.4,,41,,,M,,M,,,99.74,,33,,,,NA
2018-08-14 20:00,2018,8,14,20:00,27.4,,14.8,,46,,,M,,M,,,99.74,,31,,,,NA
2018-08-14 21:00,2018,8,14,21:00,25.3,,15.2,,53,,,M,,M,,,99.78,,29,,,,NA
2018-08-14 22:00,2018,8,14,22:00,24.1,,15.3,,58,,,M,,M,,,99.83,,28,,,,NA
2018-08-14 23:00,2018,8,14,23:00,23.5,,14.7,,58,,,M,,M,,,99.85,,27,,,,NA
2018-08-15 0:00,2018,8,15,0:00,22.9,,14.9,,61,,,M,,M,,,99.86,,27,,,,NA
2018-08-15 1:00,2018,8,15,1:00,21.9,,15.4,,66,,,M,,M,,,99.83,,26,,,,NA
2018-08-15 2:00,2018,8,15,2:00,22,,15.6,,67,,,M,,M,,,99.83,,26,,,,NA
2018-08-15 3:00,2018,8,15,3:00,22.2,,15.7,,67,,,M,,M,,,99.82,,27,,,,NA
2018-08-15 4:00,2018,8,15,4:00,22.2,,15.9,,68,,,M,,M,,,99.83,,27,,,,NA
2018-08-15 5:00,2018,8,15,5:00,21.3,,15.9,,72,,,M,,M,,,99.84,,26,,,,NA
2018-08-15 6:00,2018,8,15,6:00,21.2,,16.6,,75,,,M,,M,,,99.87,,26,,,,NA
2018-08-15 7:00,2018,8,15,7:00,23.9,,17.4,,67,,,M,,M,,,99.92,,29,,,,NA
2018-08-15 8:00,2018,8,15,8:00,26.2,,17.3,,58,,,M,,M,,,99.96,,32,,,,NA
2018-08-15 9:00,2018,8,15,9:00,27.5,,17.4,,54,,,M,,M,,,99.97,,33,,,,NA
2018-08-15 10:00,2018,8,15,10:00,29.5,,16.1,,44,,,M,,M,,,99.99,,34,,,,NA
2018-08-15 11:00,2018,8,15,11:00,31.2,,16.2,,40,,,M,,M,,,99.99,,36,,,,NA
2018-08-15 12:00,2018,8,15,12:00,30.8,,15.3,,39,,,M,,M,,,99.98,,35,,,,NA
2018-08-15 13:00,2018,8,15,13:00,30.9,,15.2,,39,,,M,,M,,,100,,35,,,,NA
2018-08-15 14:00,2018,8,15,14:00,31.6,,14.1,,35,,,M,,M,,,100,,35,,,,NA
2018-08-15 15:00,2018,8,15,15:00,31.2,,14.7,,37,,,M,,M,,,99.96,,35,,,,NA
2018-08-15 16:00,2018,8,15,16:00,31,,13.2,,34,,,M,,M,,,99.94,,34,,,,NA
2018-08-15 17:00,2018,8,15,17:00,30.5,,14,,37,,,M,,M,,,99.94,,34,,,,NA
2018-08-15 18:00,2018,8,15,18:00,29.9,,14.5,,39,,,M,,M,,,99.95,,34,,,,NA
2018-08-15 19:00,2018,8,15,19:00,28.5,,15.6,,46,,,M,,M,,,100.03,,33,,,,NA
2018-08-15 20:00,2018,8,15,20:00,27.9,,16.2,,49,,,M,,M,,,100.1,,33,,,,NA
2018-08-15 21:00,2018,8,15,21:00,27.3,,16.3,,51,,,M,,M,,,100.16,,32,,,,NA
2018-08-15 22:00,2018,8,15,22:00,26,,16.3,,55,,,M,,M,,,100.16,,31,,,,NA
2018-08-15 23:00,2018,8,15,23:00,25.5,,17.1,,60,,,M,,M,,,100.18,,31,,,,NA
2018-08-16 0:00,2018,8,16,0:00,24.8,,17.5,,64,,,M,,M,,,100.21,,30,,,,NA
2018-08-16 1:00,2018,8,16,1:00,23.5,,17.6,,69,,,M,,M,,,100.23,,29,,,,NA
2018-08-16 2:00,2018,8,16,2:00,22.7,,17.6,,73,,,M,,M,,,100.23,,28,,,,NA
2018-08-16 3:00,2018,8,16,3:00,22.3,,17.6,,75,,,M,,M,,,100.24,,28,,,,NA
2018-08-16 4:00,2018,8,16,4:00,22,,17.8,,77,,,M,,M,,,100.26,,28,,,,NA
2018-08-16 5:00,2018,8,16,5:00,21.6,,17.8,,79,,,M,,M,,,100.29,,27,,,,NA
2018-08-16 6:00,2018,8,16,6:00,22,,17.9,,78,,,M,,M,,,100.33,,28,,,,NA
2018-08-16 7:00,2018,8,16,7:00,23.4,,18.9,,76,,,M,,M,,,100.36,,30,,,,NA
2018-08-16 8:00,2018,8,16,8:00,25.2,,18.7,,67,,,M,,M,,,100.38,,32,,,,NA
2018-08-16 9:00,2018,8,16,9:00,26.1,,19,,65,,,M,,M,,,100.38,,33,,,,NA
2018-08-16 10:00,2018,8,16,10:00,26.7,,19.3,,64,,,M,,M,,,100.42,,34,,,,NA
2018-08-16 11:00,2018,8,16,11:00,27.8,,19.5,,61,,,M,,M,,,100.39,,35,,,,NA
2018-08-16 12:00,2018,8,16,12:00,28,,19.6,,61,,,M,,M,,,100.39,,35,,,,NA
2018-08-16 13:00,2018,8,16,13:00,27.3,,19.5,,63,,,M,,M,,,100.38,,34,,,,NA
2018-08-16 14:00,2018,8,16,14:00,27.7,,19.6,,61,,,M,,M,,,100.33,,35,,,,NA
2018-08-16 15:00,2018,8,16,15:00,27.8,,21.2,,67,,,M,,M,,,100.27,,36,,,,NA
2018-08-16 16:00,2018,8,16,16:00,26.5,,20.4,,69,,,M,,M,,,100.28,,34,,,,NA
2018-08-16 17:00,2018,8,16,17:00,26.1,,21.1,,74,,,M,,M,,,100.26,,35,,,,NA
2018-08-16 18:00,2018,8,16,18:00,25.6,,21.1,,76,,,M,,M,,,100.26,,34,,,,NA
2018-08-16 19:00,2018,8,16,19:00,25.3,,21.2,,78,,,M,,M,,,100.23,,34,,,,NA
2018-08-16 20:00,2018,8,16,20:00,25.1,,21.4,,80,,,M,,M,,,100.22,,34,,,,NA
2018-08-16 21:00,2018,8,16,21:00,25.5,,21.5,,79,,,M,,M,,,100.24,,34,,,,NA
2018-08-16 22:00,2018,8,16,22:00,25.3,,19.6,,71,,,M,,M,,,100.23,,33,,,,NA
2018-08-16 23:00,2018,8,16,23:00,24.8,,20.4,,77,,,M,,M,,,100.21,,33,,,,NA
2018-08-17 0:00,2018,8,17,0:00,24.1,,20.4,,80,,,M,,M,,,100.19,,32,,,,NA
2018-08-17 1:00,2018,8,17,1:00,23.2,,20.7,,86,,,M,,M,,,100.14,,31,,,,NA
2018-08-17 2:00,2018,8,17,2:00,23.2,,20.9,,87,,,M,,M,,,100.08,,32,,,,NA
2018-08-17 3:00,2018,8,17,3:00,23.1,,20.4,,85,,,M,,M,,,100.03,,31,,,,NA
2018-08-17 4:00,2018,8,17,4:00,23.4,,20.8,,86,,,M,,M,,,99.99,,32,,,,NA
2018-08-17 5:00,2018,8,17,5:00,23.6,,20.9,,85,,,M,,M,,,100,,32,,,,NA
2018-08-17 6:00,2018,8,17,6:00,23.8,,21,,84,,,M,,M,,,99.99,,32,,,,NA
2018-08-17 7:00,2018,8,17,7:00,24,,20.9,,83,,,M,,M,,,99.97,,32,,,,NA
2018-08-17 8:00,2018,8,17,8:00,24.4,,21.1,,82,,,M,,M,,,99.94,,33,,,,NA
2018-08-17 9:00,2018,8,17,9:00,24.7,,21.1,,80,,,M,,M,,,99.93,,33,,,,NA
2018-08-17 10:00,2018,8,17,10:00,24.7,,21.1,,80,,,M,,M,,,99.89,,33,,,,NA
2018-08-17 11:00,2018,8,17,11:00,25.5,,21,,76,,,M,,M,,,99.83,,34,,,,NA
2018-08-17 12:00,2018,8,17,12:00,26.8,,21,,70,,,M,,M,,,99.77,,35,,,,NA
2018-08-17 13:00,2018,8,17,13:00,25.3,,22.7,,86,,,M,,M,,,99.76,,35,,,,NA
2018-08-17 14:00,2018,8,17,14:00,26.2,,21.3,,74,,,M,,M,,,99.73,,35,,,,NA
2018-08-17 15:00,2018,8,17,15:00,26.2,,20.6,,71,,,M,,M,,,99.74,,34,,,,NA
2018-08-17 16:00,2018,8,17,16:00,23.1,,20.8,,87,,,M,,M,,,99.77,,31,,,,NA
2018-08-17 17:00,2018,8,17,17:00,24.3,,21.4,,84,,,M,,M,,,99.71,,33,,,,NA
2018-08-17 18:00,2018,8,17,18:00,23.6,,20.8,,84,,,M,,M,,,99.83,,32,,,,NA
2018-08-17 19:00,2018,8,17,19:00,22.9,,20.6,,87,,,M,,M,,,99.83,,31,,,,NA
2018-08-17 20:00,2018,8,17,20:00,22.4,,20.2,,87,,,M,,M,,,99.89,,30,,,,NA
2018-08-17 21:00,2018,8,17,21:00,22.1,,20,,88,,,M,,M,,,99.95,,30,,,,NA
2018-08-17 22:00,2018,8,17,22:00,22.2,,19.9,,87,,,M,,M,,,99.93,,30,,,,NA
2018-08-17 23:00,2018,8,17,23:00,22.3,,19,,82,,,M,,M,,,99.91,,29,,,,NA
2018-08-18 0:00,2018,8,18,0:00,21.7,,18.9,,84,,,M,,M,,,99.91,,28,,,,NA
2018-08-18 1:00,2018,8,18,1:00,21.8,,17.9,,79,,,M,,M,,,99.93,,28,,,,NA
2018-08-18 2:00,2018,8,18,2:00,21.8,,17.6,,77,,,M,,M,,,99.94,,28,,,,NA
2018-08-18 3:00,2018,8,18,3:00,21.2,,17.7,,81,,,M,,M,,,99.95,,27,,,,NA
2018-08-18 4:00,2018,8,18,4:00,21.2,,17.4,,79,,,M,,M,,,99.97,,27,,,,NA
2018-08-18 5:00,2018,8,18,5:00,20.7,,16.9,,79,,,M,,M,,,100.01,,26,,,,NA
2018-08-18 6:00,2018,8,18,6:00,20.2,,16.3,,79,,,M,,M,,,100.05,,25,,,,NA
2018-08-18 7:00,2018,8,18,7:00,20.4,,16.1,,77,,,M,,M,,,100.09,,25,,,,NA
2018-08-18 8:00,2018,8,18,8:00,21.3,,15.1,,68,,,M,,M,,,100.1,,25,,,,NA
2018-08-18 9:00,2018,8,18,9:00,22.1,,13.9,,60,,,M,,M,,,100.14,,25,,,,NA
2018-08-18 10:00,2018,8,18,10:00,22.9,,13.5,,55,,,M,,M,,,100.14,,26,,,,NA
2018-08-18 11:00,2018,8,18,11:00,23.9,,13.5,,52,,,M,,M,,,100.15,,27,,,,NA
2018-08-18 12:00,2018,8,18,12:00,24.4,,14.4,,53,,,M,,M,,,100.14,,28,,,,NA
2018-08-18 13:00,2018,8,18,13:00,24.2,,14.5,,55,,,M,,M,,,100.12,,28,,,,NA
2018-08-18 14:00,2018,8,18,14:00,24.1,,15,,57,,,M,,M,,,100.13,,28,,,,NA
2018-08-18 15:00,2018,8,18,15:00,23.7,,15.7,,61,,,M,,M,,,100.12,,28,,,,NA
2018-08-18 16:00,2018,8,18,16:00,23.7,,15.4,,60,,,M,,M,,,100.11,,28,,,,NA
2018-08-18 17:00,2018,8,18,17:00,23.3,,15.3,,61,,,M,,M,,,100.11,,27,,,,NA
2018-08-18 18:00,2018,8,18,18:00,22.8,,15.4,,63,,,M,,M,,,100.09,,27,,,,NA
2018-08-18 19:00,2018,8,18,19:00,21.9,,15.5,,67,,,M,,M,,,100.1,,26,,,,NA
2018-08-18 20:00,2018,8,18,20:00,21.5,,16,,71,,,M,,M,,,100.13,,26,,,,NA
2018-08-18 21:00,2018,8,18,21:00,21.5,,16.4,,73,,,M,,M,,,100.17,,26,,,,NA
2018-08-18 22:00,2018,8,18,22:00,21.6,,16.8,,74,,,M,,M,,,100.21,,27,,,,NA
2018-08-18 23:00,2018,8,18,23:00,21.8,,15.6,,68,,,M,,M,,,100.2,,26,,,,NA
2018-08-19 0:00,2018,8,19,0:00,20.6,,15.2,,71,,,M,,M,,,100.2,,25,,,,NA
2018-08-19 1:00,2018,8,19,1:00,19.9,,14.1,,69,,,M,,M,,,100.19,,,,,,NA
2018-08-19 2:00,2018,8,19,2:00,19.8,,13.6,,68,,,M,,M,,,100.18,,,,,,NA
2018-08-19 3:00,2018,8,19,3:00,19.5,,13.3,,67,,,M,,M,,,100.2,,,,,,NA
2018-08-19 4:00,2018,8,19,4:00,19.4,,13.5,,69,,,M,,M,,,100.21,,,,,,NA
2018-08-19 5:00,2018,8,19,5:00,19.1,,13.6,,71,,,M,,M,,,100.26,,,,,,NA
2018-08-19 6:00,2018,8,19,6:00,19.1,,13.9,,72,,,M,,M,,,100.3,,,,,,NA
2018-08-19 7:00,2018,8,19,7:00,19.6,,14.3,,71,,,M,,M,,,100.34,,,,,,NA
2018-08-19 8:00,2018,8,19,8:00,20.8,,15,,69,,,M,,M,,,100.35,,25,,,,NA
2018-08-19 9:00,2018,8,19,9:00,22.7,,15.5,,64,,,M,,M,,,100.39,,27,,,,NA
2018-08-19 10:00,2018,8,19,10:00,24.1,,14.5,,55,,,M,,M,,,100.38,,28,,,,NA
2018-08-19 11:00,2018,8,19,11:00,23.9,,15,,58,,,M,,M,,,100.39,,28,,,,NA
2018-08-19 12:00,2018,8,19,12:00,23.4,,14.8,,58,,,M,,M,,,100.38,,27,,,,NA
2018-08-19 13:00,2018,8,19,13:00,24,,15.1,,58,,,M,,M,,,100.39,,28,,,,NA
2018-08-19 14:00,2018,8,19,14:00,23.8,,14.7,,57,,,M,,M,,,100.39,,28,,,,NA
2018-08-19 15:00,2018,8,19,15:00,24.1,,13.5,,51,,,M,,M,,,100.37,,27,,,,NA
2018-08-19 16:00,2018,8,19,16:00,23.3,,14.6,,58,,,M,,M,,,100.36,,27,,,,NA
2018-08-19 17:00,2018,8,19,17:00,23.1,,15.1,,61,,,M,,M,,,100.34,,27,,,,NA
2018-08-19 18:00,2018,8,19,18:00,22.7,,14.9,,61,,,M,,M,,,100.36,,27,,,,NA
2018-08-19 19:00,2018,8,19,19:00,22.2,,15.7,,67,,,M,,M,,,100.34,,27,,,,NA
2018-08-19 20:00,2018,8,19,20:00,22.1,,15.8,,67,,,M,,M,,,100.41,,27,,,,NA
2018-08-19 21:00,2018,8,19,21:00,21.6,,16.1,,71,,,M,,M,,,100.47,,26,,,,NA
2018-08-19 22:00,2018,8,19,22:00,21.3,,16.3,,73,,,M,,M,,,100.47,,26,,,,NA
2018-08-19 23:00,2018,8,19,23:00,21.3,,16.4,,74,,,M,,M,,,100.43,,26,,,,NA
2018-08-20 0:00,2018,8,20,0:00,20.9,,16.5,,76,,,M,,M,,,100.48,,26,,,,NA
2018-08-20 1:00,2018,8,20,1:00,21.9,,17.8,,78,,,M,,M,,,100.43,,28,,,,NA
2018-08-20 2:00,2018,8,20,2:00,21.1,,18,,82,,,M,,M,,,100.43,,27,,,,NA
2018-08-20 3:00,2018,8,20,3:00,20.6,,17.3,,82,,,M,,M,,,100.45,,26,,,,NA
2018-08-20 4:00,2018,8,20,4:00,20.2,,16.9,,82,,,M,,M,,,100.47,,25,,,,NA
2018-08-20 5:00,2018,8,20,5:00,20.3,,17.4,,84,,,M,,M,,,100.49,,26,,,,NA
2018-08-20 6:00,2018,8,20,6:00,20,,16.9,,82,,,M,,M,,,100.53,,25,,,,NA
2018-08-20 7:00,2018,8,20,7:00,20.8,,17.5,,81,,,M,,M,,,100.54,,26,,,,NA
2018-08-20 8:00,2018,8,20,8:00,22.2,,18.4,,79,,,M,,M,,,100.55,,29,,,,NA
2018-08-20 9:00,2018,8,20,9:00,22.8,,17.8,,73,,,M,,M,,,100.53,,29,,,,NA
2018-08-20 10:00,2018,8,20,10:00,23.4,,17.5,,69,,,M,,M,,,100.53,,29,,,,NA
2018-08-20 11:00,2018,8,20,11:00,24.9,,18,,65,,,M,,M,,,100.52,,31,,,,NA
2018-08-20 12:00,2018,8,20,12:00,24,,16.4,,62,,,M,,M,,,100.48,,29,,,,NA
2018-08-20 13:00,2018,8,20,13:00,24.1,,16.3,,62,,,M,,M,,,100.46,,29,,,,NA
2018-08-20 14:00,2018,8,20,14:00,24.5,,16.8,,62,,,M,,M,,,100.41,,30,,,,NA
2018-08-20 15:00,2018,8,20,15:00,24,,17.9,,69,,,M,,M,,,100.36,,30,,,,NA
2018-08-20 16:00,2018,8,20,16:00,24,,18,,69,,,M,,M,,,100.32,,30,,,,NA
2018-08-20 17:00,2018,8,20,17:00,23.8,,17.7,,69,,,M,,M,,,100.33,,30,,,,NA
2018-08-20 18:00,2018,8,20,18:00,23.8,,17.9,,70,,,M,,M,,,100.29,,30,,,,NA
2018-08-20 19:00,2018,8,20,19:00,23.8,,18.2,,71,,,M,,M,,,100.29,,30,,,,NA
2018-08-20 20:00,2018,8,20,20:00,23.6,,18.9,,75,,,M,,M,,,100.27,,30,,,,NA
2018-08-20 21:00,2018,8,20,21:00,23.6,,19.3,,77,,,M,,M,,,100.27,,31,,,,NA
2018-08-20 22:00,2018,8,20,22:00,23.7,,18.5,,73,,,M,,M,,,100.22,,30,,,,NA
2018-08-20 23:00,2018,8,20,23:00,23.1,,18.3,,74,,,M,,M,,,100.2,,29,,,,NA
2018-08-21 0:00,2018,8,21,0:00,23,,17.9,,73,,,M,,M,,,100.16,,29,,,,NA
2018-08-21 1:00,2018,8,21,1:00,22.7,,17.9,,74,,,M,,M,,,100.11,,29,,,,NA
2018-08-21 2:00,2018,8,21,2:00,22.4,,18.1,,77,,,M,,M,,,100.07,,28,,,,NA
2018-08-21 3:00,2018,8,21,3:00,22.2,,18.2,,78,,,M,,M,,,100.02,,28,,,,NA
2018-08-21 4:00,2018,8,21,4:00,21.9,,18.1,,79,,,M,,M,,,99.95,,28,,,,NA
2018-08-21 5:00,2018,8,21,5:00,22.1,,18.1,,78,,,M,,M,,,99.9,,28,,,,NA
2018-08-21 6:00,2018,8,21,6:00,22.2,,18,,77,,,M,,M,,,99.9,,28,,,,NA
2018-08-21 7:00,2018,8,21,7:00,21,,18.6,,86,,,M,,M,,,99.87,,27,,,,NA
2018-08-21 8:00,2018,8,21,8:00,20.8,,19.1,,90,,,M,,M,,,99.79,,28,,,,NA
2018-08-21 9:00,2018,8,21,9:00,21.1,,19.4,,90,,,M,,M,,,99.73,,28,,,,NA
2018-08-21 10:00,2018,8,21,10:00,21.3,,19.7,,90,,,M,,M,,,99.65,,29,,,,NA
2018-08-21 11:00,2018,8,21,11:00,21.6,,19.8,,90,,,M,,M,,,99.58,,29,,,,NA
2018-08-21 12:00,2018,8,21,12:00,22.5,,20.3,,88,,,M,,M,,,99.47,,30,,,,NA
2018-08-21 13:00,2018,8,21,13:00,23.2,,20.7,,86,,,M,,M,,,99.36,,31,,,,NA
2018-08-21 14:00,2018,8,21,14:00,24,,20.2,,79,,,M,,M,,,99.26,,32,,,,NA
2018-08-21 15:00,2018,8,21,15:00,24.8,,20.6,,78,,,M,,M,,,99.13,,33,,,,NA
2018-08-21 16:00,2018,8,21,16:00,25.3,,20.4,,74,,,M,,M,,,99.05,,33,,,,NA
2018-08-21 17:00,2018,8,21,17:00,23.5,,21.2,,87,,,M,,M,,,99.03,,32,,,,NA
2018-08-21 18:00,2018,8,21,18:00,23.4,,20.6,,84,,,M,,M,,,99,,31,,,,NA
2018-08-21 19:00,2018,8,21,19:00,23.8,,19.8,,78,,,M,,M,,,98.98,,31,,,,NA
2018-08-21 20:00,2018,8,21,20:00,23.4,,20.9,,86,,,M,,M,,,98.99,,32,,,,NA
2018-08-21 21:00,2018,8,21,21:00,23.5,,20.3,,82,,,M,,M,,,99.01,,31,,,,NA
2018-08-21 22:00,2018,8,21,22:00,23.3,,19.4,,79,,,M,,M,,,98.99,,30,,,,NA
2018-08-21 23:00,2018,8,21,23:00,21.6,,17.3,,76,,,M,,M,,,99.02,,27,,,,NA
2018-08-22 0:00,2018,8,22,0:00,20.5,,16.5,,78,,,M,,M,,,99.1,,25,,,,NA
2018-08-22 1:00,2018,8,22,1:00,20.2,,16.4,,79,,,M,,M,,,99.13,,25,,,,NA
2018-08-22 2:00,2018,8,22,2:00,19.6,,16,,80,,,M,,M,,,99.16,,,,,,NA
2018-08-22 3:00,2018,8,22,3:00,19.6,,16.2,,81,,,M,,M,,,99.2,,,,,,NA
2018-08-22 4:00,2018,8,22,4:00,19.8,,15.9,,78,,,M,,M,,,99.23,,,,,,NA
2018-08-22 5:00,2018,8,22,5:00,19.4,,16.1,,82,,,M,,M,,,99.26,,,,,,NA
2018-08-22 6:00,2018,8,22,6:00,19.4,,15.9,,80,,,M,,M,,,99.37,,,,,,NA
2018-08-22 7:00,2018,8,22,7:00,19.6,,15.9,,79,,,M,,M,,,99.41,,,,,,NA
2018-08-22 8:00,2018,8,22,8:00,19.6,,15.7,,78,,,M,,M,,,99.37,,,,,,NA
2018-08-22 9:00,2018,8,22,9:00,20.3,,16,,77,,,M,,M,,,99.53,,25,,,,NA
2018-08-22 10:00,2018,8,22,10:00,21.2,,15,,68,,,M,,M,,,99.57,,25,,,,NA
2018-08-22 11:00,2018,8,22,11:00,21.5,,14,,62,,,M,,M,,,99.6,,25,,,,NA
2018-08-22 12:00,2018,8,22,12:00,21.9,,13.9,,60,,,M,,M,,,99.61,,25,,,,NA
2018-08-22 13:00,2018,8,22,13:00,21.4,,13.1,,59,,,M,,M,,,99.67,,,,,,NA
2018-08-22 14:00,2018,8,22,14:00,20,,12.9,,64,,,M,,M,,,99.71,,,,,,NA
2018-08-22 15:00,2018,8,22,15:00,20.8,,12,,57,,,M,,M,,,99.73,,,,,,NA
2018-08-22 16:00,2018,8,22,16:00,20.5,,10.5,,53,,,M,,M,,,99.76,,,,,,NA
2018-08-22 17:00,2018,8,22,17:00,20.1,,4.7,,36,,,M,,M,,,99.88,,,,,,NA
2018-08-22 18:00,2018,8,22,18:00,20.2,,5.6,,39,,,M,,M,,,99.92,,,,,,NA
2018-08-22 19:00,2018,8,22,19:00,19.3,,7.4,,46,,,M,,M,,,99.99,,,,,,NA
2018-08-22 20:00,2018,8,22,20:00,18.1,,8.1,,52,,,M,,M,,,100.08,,,,,,NA
2018-08-22 21:00,2018,8,22,21:00,17,,9.1,,60,,,M,,M,,,100.12,,,,,,NA
2018-08-22 22:00,2018,8,22,22:00,17.1,,9.6,,61,,,M,,M,,,100.12,,,,,,NA
2018-08-22 23:00,2018,8,22,23:00,16.8,,10.3,,65,,,M,,M,,,100.11,,,,,,NA
2018-08-23 0:00,2018,8,23,0:00,17,,10.7,,66,,,M,,M,,,100.11,,,,,,NA
2018-08-23 1:00,2018,8,23,1:00,16.4,,11,,70,,,M,,M,,,100.08,,,,,,NA
2018-08-23 2:00,2018,8,23,2:00,16.6,,11.4,,71,,,M,,M,,,100.08,,,,,,NA
2018-08-23 3:00,2018,8,23,3:00,16.3,,11.5,,73,,,M,,M,,,100.1,,,,,,NA
2018-08-23 4:00,2018,8,23,4:00,15.9,,11.6,,76,,,M,,M,,,100.12,,,,,,NA
2018-08-23 5:00,2018,8,23,5:00,15.9,,11.7,,77,,,M,,M,,,100.13,,,,,,NA
2018-08-23 6:00,2018,8,23,6:00,16.5,,11.7,,73,,,M,,M,,,100.2,,,,,,NA
2018-08-23 7:00,2018,8,23,7:00,17.5,,11.7,,69,,,M,,M,,,100.26,,,,,,NA
2018-08-23 8:00,2018,8,23,8:00,19.7,,12,,61,,,M,,M,,,100.33,,,,,,NA
2018-08-23 9:00,2018,8,23,9:00,21.4,,12.4,,56,,,M,,M,,,100.36,,,,,,NA
2018-08-23 10:00,2018,8,23,10:00,23.4,,9,,40,,,M,,M,,,100.39,,,,,,NA
2018-08-23 11:00,2018,8,23,11:00,24.5,,7.4,,34,,,M,,M,,,100.38,,25,,,,NA
2018-08-23 12:00,2018,8,23,12:00,25.8,,7.6,,31,,,M,,M,,,100.33,,26,,,,NA
2018-08-23 13:00,2018,8,23,13:00,25.6,,7.2,,31,,,M,,M,,,100.3,,26,,,,NA
2018-08-23 14:00,2018,8,23,14:00,26.5,,8.1,,31,,,M,,M,,,100.27,,27,,,,NA
2018-08-23 15:00,2018,8,23,15:00,26.3,,8.5,,32,,,M,,M,,,100.23,,27,,,,NA
2018-08-23 16:00,2018,8,23,16:00,26.5,,8.2,,31,,,M,,M,,,100.23,,27,,,,NA
2018-08-23 17:00,2018,8,23,17:00,26.1,,7.9,,32,,,M,,M,,,100.25,,26,,,,NA
2018-08-23 18:00,2018,8,23,18:00,25.3,,7.4,,32,,,M,,M,,,100.27,,25,,,,NA
2018-08-23 19:00,2018,8,23,19:00,24.5,,7.2,,33,,,M,,M,,,100.33,,25,,,,NA
2018-08-23 20:00,2018,8,23,20:00,23.2,,8.9,,40,,,M,,M,,,100.4,,,,,,NA
2018-08-23 21:00,2018,8,23,21:00,22.5,,10,,45,,,M,,M,,,100.47,,,,,,NA
2018-08-23 22:00,2018,8,23,22:00,21.8,,11,,50,,,M,,M,,,100.5,,,,,,NA
2018-08-23 23:00,2018,8,23,23:00,20.7,,10.8,,53,,,M,,M,,,100.51,,,,,,NA
2018-08-24 0:00,2018,8,24,0:00,20.5,,11.4,,56,,,M,,M,,,100.52,,,,,,NA
2018-08-24 1:00,2018,8,24,1:00,20,,13.7,,67,,,M,,M,,,100.53,,,,,,NA
2018-08-24 2:00,2018,8,24,2:00,19.1,,14.1,,73,,,M,,M,,,100.55,,,,,,NA
2018-08-24 3:00,2018,8,24,3:00,18.2,,13.4,,74,,,M,,M,,,100.55,,,,,,NA
2018-08-24 4:00,2018,8,24,4:00,17.1,,13.6,,80,,,M,,M,,,100.57,,,,,,NA
2018-08-24 5:00,2018,8,24,5:00,17.5,,14,,80,,,M,,M,,,100.6,,,,,,NA
2018-08-24 6:00,2018,8,24,6:00,17,,14.1,,83,,,M,,M,,,100.63,,,,,,NA
2018-08-24 7:00,2018,8,24,7:00,19,,14,,73,,,M,,M,,,100.66,,,,,,NA
2018-08-24 8:00,2018,8,24,8:00,20.4,,13.5,,65,,,M,,M,,,100.72,,,,,,NA
2018-08-24 9:00,2018,8,24,9:00,21.8,,14.7,,64,,,M,,M,,,100.78,,26,,,,NA
2018-08-24 10:00,2018,8,24,10:00,23.5,,14.5,,57,,,M,,M,,,100.83,,27,,,,NA
2018-08-24 11:00,2018,8,24,11:00,24.2,,14.5,,55,,,M,,M,,,100.84,,28,,,,NA
2018-08-24 12:00,2018,8,24,12:00,25.2,,13,,47,,,M,,M,,,100.83,,28,,,,NA
2018-08-24 13:00,2018,8,24,13:00,26.3,,13.2,,44,,,M,,M,,,100.79,,29,,,,NA
2018-08-24 14:00,2018,8,24,14:00,26.3,,13.6,,46,,,M,,M,,,100.74,,29,,,,NA
2018-08-24 15:00,2018,8,24,15:00,26.2,,14.8,,50,,,M,,M,,,100.69,,30,,,,NA
2018-08-24 16:00,2018,8,24,16:00,25.5,,12.3,,44,,,M,,M,,,100.65,,28,,,,NA
2018-08-24 17:00,2018,8,24,17:00,25,,11.1,,42,,,M,,M,,,100.65,,27,,,,NA
2018-08-24 18:00,2018,8,24,18:00,24.4,,11.1,,43,,,M,,M,,,100.63,,26,,,,NA
2018-08-24 19:00,2018,8,24,19:00,23.9,,10.6,,43,,,M,,M,,,100.63,,25,,,,NA
2018-08-24 20:00,2018,8,24,20:00,22.6,,11.6,,50,,,M,,M,,,100.63,,25,,,,NA
2018-08-24 21:00,2018,8,24,21:00,23,,11.4,,48,,,M,,M,,,100.65,,25,,,,NA
2018-08-24 22:00,2018,8,24,22:00,22.7,,16.6,,68,,,M,,M,,,100.64,,28,,,,NA
2018-08-24 23:00,2018,8,24,23:00,22.4,,16.5,,69,,,M,,M,,,100.65,,27,,,,NA
2018-08-25 0:00,2018,8,25,0:00,22.3,,16.9,,72,,,M,,M,,,100.62,,28,,,,NA
2018-08-25 1:00,2018,8,25,1:00,22.3,,16.4,,69,,,M,,M,,,100.6,,27,,,,NA
2018-08-25 2:00,2018,8,25,2:00,22.2,,15.5,,66,,,M,,M,,,100.59,,26,,,,NA
2018-08-25 3:00,2018,8,25,3:00,21.7,,15.9,,69,,,M,,M,,,100.61,,26,,,,NA
2018-08-25 4:00,2018,8,25,4:00,21.8,,16.1,,70,,,M,,M,,,100.61,,26,,,,NA
2018-08-25 5:00,2018,8,25,5:00,21.3,,16.1,,72,,,M,,M,,,100.59,,26,,,,NA
2018-08-25 6:00,2018,8,25,6:00,21.6,,16.4,,72,,,M,,M,,,100.61,,26,,,,NA
2018-08-25 7:00,2018,8,25,7:00,22.2,,16.7,,71,,,M,,M,,,100.58,,27,,,,NA
2018-08-25 8:00,2018,8,25,8:00,23,,16.5,,67,,,M,,M,,,100.55,,28,,,,NA
2018-08-25 9:00,2018,8,25,9:00,23.3,,16.2,,64,,,M,,M,,,100.54,,28,,,,NA
2018-08-25 10:00,2018,8,25,10:00,23.8,,16.4,,63,,,M,,M,,,100.57,,29,,,,NA
2018-08-25 11:00,2018,8,25,11:00,24.7,,16.2,,59,,,M,,M,,,100.54,,29,,,,NA
2018-08-25 12:00,2018,8,25,12:00,24.5,,16.5,,61,,,M,,M,,,100.53,,29,,,,NA
2018-08-25 13:00,2018,8,25,13:00,23.9,,16.6,,64,,,M,,M,,,100.53,,29,,,,NA
2018-08-25 14:00,2018,8,25,14:00,22.5,,16.8,,70,,,M,,M,,,100.53,,28,,,,NA
2018-08-25 15:00,2018,8,25,15:00,20.8,,17.9,,83,,,M,,M,,,100.49,,27,,,,NA
2018-08-25 16:00,2018,8,25,16:00,21.1,,18.1,,83,,,M,,M,,,100.43,,27,,,,NA
2018-08-25 17:00,2018,8,25,17:00,22.7,,17.8,,74,,,M,,M,,,100.39,,29,,,,NA
2018-08-25 18:00,2018,8,25,18:00,22.8,,17.8,,73,,,M,,M,,,100.36,,29,,,,NA
2018-08-25 19:00,2018,8,25,19:00,22.2,,18.2,,78,,,M,,M,,,100.33,,28,,,,NA
2018-08-25 20:00,2018,8,25,20:00,23,,18.1,,74,,,M,,M,,,100.34,,29,,,,NA
2018-08-25 21:00,2018,8,25,21:00,23.5,,18.2,,72,,,M,,M,,,100.32,,30,,,,NA
2018-08-25 22:00,2018,8,25,22:00,23.2,,18.2,,74,,,M,,M,,,100.3,,29,,,,NA
2018-08-25 23:00,2018,8,25,23:00,21.9,,18.3,,80,,,M,,M,,,100.29,,28,,,,NA
2018-08-26 0:00,2018,8,26,0:00,20.5,,18.4,,88,,,M,,M,,,100.28,,27,,,,NA
2018-08-26 1:00,2018,8,26,1:00,20.7,,18.5,,88,,,M,,M,,,100.23,,27,,,,NA
2018-08-26 2:00,2018,8,26,2:00,20.9,,18.8,,88,,,M,,M,,,100.2,,28,,,,NA
2018-08-26 3:00,2018,8,26,3:00,21.3,,18.6,,85,,,M,,M,,,100.17,,28,,,,NA
2018-08-26 4:00,2018,8,26,4:00,20.8,,18.6,,87,,,M,,M,,,100.19,,27,,,,NA
2018-08-26 5:00,2018,8,26,5:00,20.5,,18.8,,90,,,M,,M,,,100.19,,27,,,,NA
2018-08-26 6:00,2018,8,26,6:00,20.8,,19.1,,90,,,M,,M,,,100.23,,28,,,,NA
2018-08-26 7:00,2018,8,26,7:00,21.2,,19.5,,90,,,M,,M,,,100.27,,28,,,,NA
2018-08-26 8:00,2018,8,26,8:00,23.2,,20,,82,,,M,,M,,,100.27,,31,,,,NA
2018-08-26 9:00,2018,8,26,9:00,24.2,,19.4,,75,,,M,,M,,,100.31,,31,,,,NA
2018-08-26 10:00,2018,8,26,10:00,25.9,,19.4,,67,,,M,,M,,,100.3,,33,,,,NA
2018-08-26 11:00,2018,8,26,11:00,25.2,,19,,68,,,M,,M,,,100.27,,32,,,,NA
2018-08-26 12:00,2018,8,26,12:00,26.3,,19,,64,,,M,,M,,,100.27,,33,,,,NA
2018-08-26 13:00,2018,8,26,13:00,27,,18.8,,61,,,M,,M,,,100.26,,34,,,,NA
2018-08-26 14:00,2018,8,26,14:00,28.6,,18.5,,54,,,M,,M,,,100.25,,35,,,,NA
2018-08-26 15:00,2018,8,26,15:00,28.4,,17.6,,52,,,M,,M,,,100.2,,34,,,,NA
2018-08-26 16:00,2018,8,26,16:00,28.6,,16.3,,47,,,M,,M,,,100.21,,33,,,,NA
2018-08-26 17:00,2018,8,26,17:00,28.3,,16.2,,48,,,M,,M,,,100.23,,33,,,,NA
2018-08-26 18:00,2018,8,26,18:00,27.6,,16.1,,50,,,M,,M,,,100.23,,32,,,,NA
2018-08-26 19:00,2018,8,26,19:00,26,,16.2,,55,,,M,,M,,,100.25,,31,,,,NA
2018-08-26 20:00,2018,8,26,20:00,24.1,,16.6,,63,,,M,,M,,,100.28,,29,,,,NA
2018-08-26 21:00,2018,8,26,21:00,23.2,,16.9,,68,,,M,,M,,,100.33,,28,,,,NA
2018-08-26 22:00,2018,8,26,22:00,24.1,,17.7,,68,,,M,,M,,,100.38,,30,,,,NA
2018-08-26 23:00,2018,8,26,23:00,22.5,,17.7,,75,,,M,,M,,,100.39,,28,,,,NA
2018-08-27 0:00,2018,8,27,0:00,21.9,,17.8,,77,,,M,,M,,,100.4,,28,,,,NA
2018-08-27 1:00,2018,8,27,1:00,21.7,,17.4,,77,,,M,,M,,,100.34,,27,,,,NA
2018-08-27 2:00,2018,8,27,2:00,21.4,,17.7,,79,,,M,,M,,,100.31,,27,,,,NA
2018-08-27 3:00,2018,8,27,3:00,22.3,,17.6,,75,,,M,,M,,,100.28,,28,,,,NA
2018-08-27 4:00,2018,8,27,4:00,22.2,,17.8,,76,,,M,,M,,,100.32,,28,,,,NA
2018-08-27 5:00,2018,8,27,5:00,21.9,,17.8,,77,,,M,,M,,,100.32,,28,,,,NA
2018-08-27 6:00,2018,8,27,6:00,22.1,,18.5,,80,,,M,,M,,,100.38,,28,,,,NA
2018-08-27 7:00,2018,8,27,7:00,22.6,,18.8,,79,,,M,,M,,,100.29,,29,,,,NA
2018-08-27 8:00,2018,8,27,8:00,22,,19.2,,84,,,M,,M,,,100.49,,29,,,,NA
2018-08-27 9:00,2018,8,27,9:00,22.2,,19.9,,87,,,M,,M,,,100.34,,30,,,,NA
2018-08-27 10:00,2018,8,27,10:00,24.5,,20.5,,78,,,M,,M,,,100.35,,32,,,,NA
2018-08-27 11:00,2018,8,27,11:00,24.3,,20.2,,78,,,M,,M,,,100.32,,32,,,,NA
2018-08-27 12:00,2018,8,27,12:00,24.1,,20,,78,,,M,,M,,,100.28,,32,,,,NA
2018-08-27 13:00,2018,8,27,13:00,24.9,,19.7,,73,,,M,,M,,,100.17,,32,,,,NA
2018-08-27 14:00,2018,8,27,14:00,25.4,,20,,72,,,M,,M,,,100.17,,33,,,,NA
2018-08-27 15:00,2018,8,27,15:00,26.2,,21.2,,74,,,M,,M,,,100.12,,35,,,,NA
2018-08-27 16:00,2018,8,27,16:00,26.6,,21.7,,74,,,M,,M,,,100.08,,36,,,,NA
2018-08-27 17:00,2018,8,27,17:00,26.7,,21.9,,75,,,M,,M,,,100.03,,36,,,,NA
2018-08-27 18:00,2018,8,27,18:00,26.7,,21.4,,72,,,M,,M,,,99.99,,35,,,,NA
2018-08-27 19:00,2018,8,27,19:00,26.4,,21.2,,73,,,M,,M,,,99.94,,35,,,,NA
2018-08-27 20:00,2018,8,27,20:00,25.6,,20.8,,75,,,M,,M,,,99.96,,34,,,,NA
2018-08-27 21:00,2018,8,27,21:00,25.4,,20.5,,75,,,M,,M,,,99.99,,33,,,,NA
2018-08-27 22:00,2018,8,27,22:00,25.1,,20.6,,76,,,M,,M,,,100.06,,33,,,,NA
2018-08-27 23:00,2018,8,27,23:00,24.4,,20.5,,79,,,M,,M,,,100.04,,32,,,,NA
2018-08-28 0:00,2018,8,28,0:00,24.8,,20.9,,79,,,M,,M,,,100.05,,33,,,,NA
2018-08-28 1:00,2018,8,28,1:00,24.6,,20.7,,79,,,M,,M,,,100.02,,33,,,,NA
2018-08-28 2:00,2018,8,28,2:00,24.6,,20.7,,79,,,M,,M,,,100.01,,33,,,,NA
2018-08-28 3:00,2018,8,28,3:00,23.8,,20.2,,80,,,M,,M,,,99.96,,32,,,,NA
2018-08-28 4:00,2018,8,28,4:00,23.4,,20.2,,82,,,M,,M,,,99.93,,31,,,,NA
2018-08-28 5:00,2018,8,28,5:00,23.5,,20.4,,83,,,M,,M,,,99.94,,31,,,,NA
2018-08-28 6:00,2018,8,28,6:00,23.3,,20.2,,83,,,M,,M,,,99.97,,31,,,,NA
2018-08-28 7:00,2018,8,28,7:00,23.7,,20.2,,81,,,M,,M,,,100.01,,31,,,,NA
2018-08-28 8:00,2018,8,28,8:00,24.4,,20.2,,77,,,M,,M,,,99.99,,32,,,,NA
2018-08-28 9:00,2018,8,28,9:00,25.9,,20.4,,72,,,M,,M,,,99.95,,34,,,,NA
2018-08-28 10:00,2018,8,28,10:00,25.8,,19.7,,69,,,M,,M,,,99.75,,33,,,,NA
2018-08-28 11:00,2018,8,28,11:00,27.9,,20.8,,65,,,M,,M,,,99.88,,36,,,,NA
2018-08-28 12:00,2018,8,28,12:00,29.7,,20.7,,59,,,M,,M,,,99.94,,38,,,,NA
2018-08-28 13:00,2018,8,28,13:00,30.5,,20.5,,55,,,M,,M,,,100,,38,,,,NA
2018-08-28 14:00,2018,8,28,14:00,31.2,,19.1,,49,,,M,,M,,,99.98,,38,,,,NA
2018-08-28 15:00,2018,8,28,15:00,32,,18.1,,44,,,M,,M,,,99.95,,38,,,,NA
2018-08-28 16:00,2018,8,28,16:00,31.5,,18.6,,46,,,M,,M,,,99.94,,38,,,,NA
2018-08-28 17:00,2018,8,28,17:00,31,,17.7,,45,,,M,,M,,,99.94,,37,,,,NA
2018-08-28 18:00,2018,8,28,18:00,29,,19.7,,57,,,M,,M,,,99.95,,36,,,,NA
2018-08-28 19:00,2018,8,28,19:00,29.1,,18.5,,53,,,M,,M,,,100.02,,35,,,,NA
2018-08-28 20:00,2018,8,28,20:00,27.6,,18.6,,58,,,M,,M,,,100.07,,34,,,,NA
2018-08-28 21:00,2018,8,28,21:00,26.6,,18.9,,63,,,M,,M,,,100.07,,33,,,,NA
2018-08-28 22:00,2018,8,28,22:00,25.6,,18.9,,67,,,M,,M,,,100.01,,32,,,,NA
2018-08-28 23:00,2018,8,28,23:00,25.4,,21,,76,,,M,,M,,,100.01,,34,,,,NA
2018-08-29 0:00,2018,8,29,0:00,25,,21.2,,79,,,M,,M,,,99.97,,34,,,,NA
2018-08-29 1:00,2018,8,29,1:00,24.6,,20.8,,79,,,M,,M,,,99.92,,33,,,,NA
2018-08-29 2:00,2018,8,29,2:00,23.8,,19.8,,78,,,M,,M,,,99.94,,31,,,,NA
2018-08-29 3:00,2018,8,29,3:00,23.6,,19.8,,79,,,M,,M,,,99.93,,31,,,,NA
2018-08-29 4:00,2018,8,29,4:00,23.8,,18.6,,73,,,M,,M,,,99.85,,30,,,,NA
2018-08-29 5:00,2018,8,29,5:00,23.2,,18.7,,76,,,M,,M,,,99.8,,30,,,,NA
2018-08-29 6:00,2018,8,29,6:00,23,,18.7,,77,,,M,,M,,,99.82,,30,,,,NA
2018-08-29 7:00,2018,8,29,7:00,23.6,,19.3,,77,,,M,,M,,,99.79,,31,,,,NA
2018-08-29 8:00,2018,8,29,8:00,24.4,,20,,76,,,M,,M,,,99.76,,32,,,,NA
2018-08-29 9:00,2018,8,29,9:00,26.8,,21.3,,72,,,M,,M,,,99.79,,35,,,,NA
2018-08-29 10:00,2018,8,29,10:00,27.8,,19.3,,60,,,M,,M,,,99.84,,35,,,,NA
2018-08-29 11:00,2018,8,29,11:00,27.9,,18.6,,57,,,M,,M,,,99.86,,34,,,,NA
2018-08-29 12:00,2018,8,29,12:00,28.1,,16.6,,50,,,M,,M,,,99.84,,33,,,,NA
2018-08-29 13:00,2018,8,29,13:00,28.9,,17.8,,51,,,M,,M,,,99.84,,35,,,,NA
2018-08-29 14:00,2018,8,29,14:00,28.1,,17.1,,51,,,M,,M,,,99.85,,33,,,,NA
2018-08-29 15:00,2018,8,29,15:00,27.5,,17.7,,55,,,M,,M,,,99.84,,33,,,,NA
2018-08-29 16:00,2018,8,29,16:00,28,,17.2,,52,,,M,,M,,,99.79,,33,,,,NA
2018-08-29 17:00,2018,8,29,17:00,27.7,,17.2,,53,,,M,,M,,,99.81,,33,,,,NA
2018-08-29 18:00,2018,8,29,18:00,27.3,,17.5,,55,,,M,,M,,,99.87,,33,,,,NA
2018-08-29 19:00,2018,8,29,19:00,24.4,,18.3,,69,,,M,,M,,,99.95,,31,,,,NA
2018-08-29 20:00,2018,8,29,20:00,23.8,,18.5,,72,,,M,,M,,,100.02,,30,,,,NA
2018-08-29 21:00,2018,8,29,21:00,23.8,,17.4,,67,,,M,,M,,,100.12,,29,,,,NA
2018-08-29 22:00,2018,8,29,22:00,22,,17.1,,74,,,M,,M,,,100.23,,27,,,,NA
2018-08-29 23:00,2018,8,29,23:00,20.9,,14.9,,69,,,M,,M,,,100.29,,25,,,,NA
2018-08-30 0:00,2018,8,30,0:00,19.7,,13.9,,69,,,M,,M,,,100.33,,,,,,NA
2018-08-30 1:00,2018,8,30,1:00,18.8,,13.6,,72,,,M,,M,,,100.38,,,,,,NA
2018-08-30 2:00,2018,8,30,2:00,18.2,,13.5,,74,,,M,,M,,,100.44,,,,,,NA
2018-08-30 3:00,2018,8,30,3:00,17.9,,14.2,,79,,,M,,M,,,100.48,,,,,,NA
2018-08-30 4:00,2018,8,30,4:00,17.8,,13.8,,77,,,M,,M,,,100.54,,,,,,NA
2018-08-30 5:00,2018,8,30,5:00,16.9,,12.7,,76,,,M,,M,,,100.59,,,,,,NA
2018-08-30 6:00,2018,8,30,6:00,16.4,,11.8,,74,,,M,,M,,,100.69,,,,,,NA
2018-08-30 7:00,2018,8,30,7:00,16.3,,11.2,,72,,,M,,M,,,100.76,,,,,,NA
2018-08-30 8:00,2018,8,30,8:00,17,,11.3,,69,,,M,,M,,,100.83,,,,,,NA
2018-08-30 9:00,2018,8,30,9:00,17.1,,11.4,,70,,,M,,M,,,100.91,,,,,,NA
2018-08-30 10:00,2018,8,30,10:00,17,,11.6,,71,,,M,,M,,,100.94,,,,,,NA
2018-08-30 11:00,2018,8,30,11:00,17.5,,11.9,,70,,,M,,M,,,100.96,,,,,,NA
2018-08-30 12:00,2018,8,30,12:00,17.6,,11.3,,66,,,M,,M,,,100.97,,,,,,NA
2018-08-30 13:00,2018,8,30,13:00,18.8,,11.3,,62,,,M,,M,,,100.96,,,,,,NA
2018-08-30 14:00,2018,8,30,14:00,18.9,,11.9,,64,,,M,,M,,,100.93,,,,,,NA
2018-08-30 15:00,2018,8,30,15:00,18.5,,12,,66,,,M,,M,,,100.89,,,,,,NA
2018-08-30 16:00,2018,8,30,16:00,18.9,,11.8,,64,,,M,,M,,,100.88,,,,,,NA
2018-08-30 17:00,2018,8,30,17:00,18.8,,11.6,,63,,,M,,M,,,100.89,,,,,,NA
2018-08-30 18:00,2018,8,30,18:00,18.8,,11.6,,63,,,M,,M,,,100.91,,,,,,NA
2018-08-30 19:00,2018,8,30,19:00,18.6,,12.2,,66,,,M,,M,,,100.94,,,,,,NA
2018-08-30 20:00,2018,8,30,20:00,18.2,,11.8,,66,,,M,,M,,,100.97,,,,,,NA
2018-08-30 21:00,2018,8,30,21:00,16.9,,11.8,,72,,,M,,M,,,100.97,,,,,,NA
2018-08-30 22:00,2018,8,30,22:00,16.8,,11.3,,70,,,M,,M,,,100.94,,,,,,NA
2018-08-30 23:00,2018,8,30,23:00,17.8,,11.4,,66,,,M,,M,,,100.97,,,,,,NA
2018-08-31 0:00,2018,8,31,0:00,17.8,,12.2,,70,,,M,,M,,,100.98,,,,,,NA
2018-08-31 1:00,2018,8,31,1:00,17.6,,12.3,,71,,,M,,M,,,100.95,,,,,,NA
2018-08-31 2:00,2018,8,31,2:00,17.6,,12.5,,72,,,M,,M,,,100.95,,,,,,NA
2018-08-31 3:00,2018,8,31,3:00,17.4,,12.5,,73,,,M,,M,,,100.94,,,,,,NA
2018-08-31 4:00,2018,8,31,4:00,17.5,,12.6,,73,,,M,,M,,,100.92,,,,,,NA
2018-08-31 5:00,2018,8,31,5:00,17.6,,12.6,,72,,,M,,M,,,100.93,,,,,,NA
2018-08-31 6:00,2018,8,31,6:00,17.7,,13.2,,75,,,M,,M,,,100.98,,,,,,NA
2018-08-31 7:00,2018,8,31,7:00,17.9,,13,,73,,,M,,M,,,101,,,,,,NA
2018-08-31 8:00,2018,8,31,8:00,18.8,,12.3,,66,,,M,,M,,,100.99,,,,,,NA
2018-08-31 9:00,2018,8,31,9:00,18.8,,12.2,,65,,,M,,M,,,100.96,,,,,,NA
2018-08-31 10:00,2018,8,31,10:00,19.5,,12,,62,,,M,,M,,,100.94,,,,,,NA
2018-08-31 11:00,2018,8,31,11:00,20.1,,12.4,,61,,,M,,M,,,100.96,,,,,,NA
2018-08-31 12:00,2018,8,31,12:00,21.1,,12.6,,58,,,M,,M,,,101,,,,,,NA
2018-08-31 13:00,2018,8,31,13:00,22.2,,12.5,,54,,,M,,M,,,100.98,,25,,,,NA
2018-08-31 14:00,2018,8,31,14:00,21.9,,11.8,,53,,,M,,M,,,100.95,,,,,,NA
2018-08-31 15:00,2018,8,31,15:00,22,,12.1,,53,,,M,,M,,,100.9,,,,,,NA
2018-08-31 16:00,2018,8,31,16:00,21.5,,12.9,,58,,,M,,M,,,100.85,,,,,,NA
2018-08-31 17:00,2018,8,31,17:00,21.4,,13.2,,59,,,M,,M,,,100.84,,,,,,NA
2018-08-31 18:00,2018,8,31,18:00,21.3,,13,,59,,,M,,M,,,100.84,,,,,,NA
2018-08-31 19:00,2018,8,31,19:00,20.3,,13.3,,64,,,M,,M,,,100.82,,,,,,NA
2018-08-31 20:00,2018,8,31,20:00,20.1,,14.2,,69,,,M,,M,,,100.83,,,,,,NA
2018-08-31 21:00,2018,8,31,21:00,19.6,,14.5,,72,,,M,,M,,,100.84,,,,,,NA
2018-08-31 22:00,2018,8,31,22:00,18.8,,14.8,,78,,,M,,M,,,100.83,,,,,,NA
2018-08-31 23:00,2018,8,31,23:00,19,,15,,78,,,M,,M,,,100.8,,,,,,NA
